categoria,Todas las edades,65 y más años,Total,65 y más
Vivienda,11179.23,11857.76,0.38227941078409949,0.46492468640081497
Alimentación,4805.82,4635.98,0.16433743987147961,0.18176970588546654
Ocio y cultura,4077.32,2409.24,0.13942601477724537,0.094462626285596887
Sanidad,1203.71,1237.23,0.04116147083072165,0.048509901512231675
Vestido,1155.97,673.44000000000005,0.039528977441567574,0.026404555397458274
Resto,6821.56,4691.02,0.23326668629488631,0.18392774034893192
Índice general,29243.61,25504.69,,
